{"cameraMode":{"drawMode":0,"name":"Shaded","section":"Shading Mode"},"sceneLighting":false,"audioPlay":false,"sceneViewState":{"m_AlwaysRefresh":false,"showFog":true,"showSkybox":false,"showFlares":true,"showImageEffects":true,"showParticleSystems":true,"showVisualEffectGraphs":true,"m_FxEnabled":true},"in2DMode":false,"pivot":{"x":0.0036340951919555666,"y":-2.1393015384674074,"z":0.0344538688659668},"rotation":{"x":-0.10576031357049942,"y":0.4848448932170868,"z":-0.05919984355568886,"w":-0.8661646842956543},"size":5.5007734298706059,"orthographic":false}