{"cameraMode":{"drawMode":0,"name":"Shaded","section":"Shading Mode"},"sceneLighting":false,"audioPlay":false,"sceneViewState":{"m_AlwaysRefresh":false,"showFog":true,"showSkybox":false,"showFlares":true,"showImageEffects":true,"showParticleSystems":true,"showVisualEffectGraphs":true,"m_FxEnabled":true},"in2DMode":false,"pivot":{"x":-0.03698834404349327,"y":-0.3153805732727051,"z":0.5920456051826477},"rotation":{"x":-0.06645120680332184,"y":0.6180708408355713,"z":-0.052536897361278537,"w":-0.7815889120101929},"size":2.00270414352417,"orthographic":false}