{"cameraMode":{"drawMode":0,"name":"Shaded","section":"Shading Mode"},"sceneLighting":false,"audioPlay":false,"sceneViewState":{"m_AlwaysRefresh":false,"showFog":true,"showSkybox":false,"showFlares":true,"showImageEffects":true,"showParticleSystems":true,"showVisualEffectGraphs":true,"m_FxEnabled":true},"in2DMode":false,"pivot":{"x":-0.3470858633518219,"y":-0.8776257634162903,"z":3.0056827068328859},"rotation":{"x":-0.21902687847614289,"y":0.31715601682662966,"z":-0.07553532719612122,"w":-0.9196407198905945},"size":2.445176601409912,"orthographic":false}