{"cameraMode":{"drawMode":0,"name":"Shaded","section":"Shading Mode"},"sceneLighting":false,"audioPlay":false,"sceneViewState":{"m_AlwaysRefresh":false,"showFog":true,"showSkybox":false,"showFlares":true,"showImageEffects":true,"showParticleSystems":true,"showVisualEffectGraphs":true,"m_FxEnabled":true},"in2DMode":false,"pivot":{"x":-0.23297889530658723,"y":0.3589108884334564,"z":-0.7103300094604492},"rotation":{"x":-0.15789158642292024,"y":0.5006089806556702,"z":-0.09341835230588913,"w":-0.8460246324539185},"size":1.9084968566894532,"orthographic":false}