{"cameraMode":{"drawMode":0,"name":"Shaded","section":"Shading Mode"},"sceneLighting":false,"audioPlay":false,"sceneViewState":{"m_AlwaysRefresh":false,"showFog":true,"showSkybox":false,"showFlares":true,"showImageEffects":true,"showParticleSystems":true,"showVisualEffectGraphs":true,"m_FxEnabled":true},"in2DMode":false,"pivot":{"x":2.1254923343658449,"y":1.0408844947814942,"z":18.515668869018556},"rotation":{"x":0.06765646487474442,"y":-0.8434702157974243,"z":0.10941481590270996,"w":0.5215497612953186},"size":2.2837114334106447,"orthographic":true}