{"cameraMode":{"drawMode":0,"name":"Shaded","section":"Shading Mode"},"sceneLighting":false,"audioPlay":false,"sceneViewState":{"m_AlwaysRefresh":false,"showFog":true,"showSkybox":false,"showFlares":true,"showImageEffects":true,"showParticleSystems":true,"showVisualEffectGraphs":true,"m_FxEnabled":true},"in2DMode":false,"pivot":{"x":-0.24330595135688783,"y":0.994597852230072,"z":0.20383311808109284},"rotation":{"x":-0.0035938986111432316,"y":0.3355138599872589,"z":-0.0012671961449086667,"w":-0.9421900510787964},"size":1.2107175588607789,"orthographic":false}