{"cameraMode":{"drawMode":0,"name":"Shaded","section":"Shading Mode"},"sceneLighting":true,"audioPlay":false,"sceneViewState":{"m_AlwaysRefresh":false,"showFog":true,"showSkybox":true,"showFlares":true,"showImageEffects":true,"showParticleSystems":true,"showVisualEffectGraphs":true,"m_FxEnabled":true},"in2DMode":false,"pivot":{"x":0.061177730560302737,"y":4.096826553344727,"z":-0.18629741668701173},"rotation":{"x":-0.3135232627391815,"y":0.29081183671951296,"z":-0.10150615870952606,"w":-0.8982769250869751},"size":4.634133338928223,"orthographic":false}