{"cameraMode":{"drawMode":0,"name":"Shaded","section":"Shading Mode"},"sceneLighting":false,"audioPlay":false,"sceneViewState":{"m_AlwaysRefresh":false,"showFog":true,"showSkybox":false,"showFlares":true,"showImageEffects":true,"showParticleSystems":true,"showVisualEffectGraphs":true,"m_FxEnabled":true},"in2DMode":false,"pivot":{"x":-0.02976226806640625,"y":0.14161360263824464,"z":5.350000381469727},"rotation":{"x":-0.3574315011501312,"y":-0.09473815560340882,"z":0.03648054227232933,"w":-0.9284180402755737},"size":0.8660253882408142,"orthographic":false}