{"cameraMode":{"drawMode":0,"name":"Shaded","section":"Shading Mode"},"sceneLighting":false,"audioPlay":false,"sceneViewState":{"m_AlwaysRefresh":false,"showFog":true,"showSkybox":false,"showFlares":true,"showImageEffects":true,"showParticleSystems":true,"showVisualEffectGraphs":true,"m_FxEnabled":true},"in2DMode":false,"pivot":{"x":-0.003973245620727539,"y":0.07404600083827973,"z":3.2955939769744875},"rotation":{"x":-0.024043116718530656,"y":0.7165826559066773,"z":0.02473304606974125,"w":0.6966545581817627},"size":0.4314642548561096,"orthographic":true}