{"cameraMode":{"drawMode":0,"name":"Shaded","section":"Shading Mode"},"sceneLighting":false,"audioPlay":false,"sceneViewState":{"m_AlwaysRefresh":false,"showFog":true,"showSkybox":false,"showFlares":true,"showImageEffects":true,"showParticleSystems":true,"showVisualEffectGraphs":true,"m_FxEnabled":true},"in2DMode":false,"pivot":{"x":0.07045866549015045,"y":-0.12230971455574036,"z":-0.3370789587497711},"rotation":{"x":0.09902536123991013,"y":0.8865700960159302,"z":-0.22354841232299806,"w":0.392731249332428},"size":0.5577174425125122,"orthographic":true}