{"cameraMode":{"drawMode":0,"name":"Shaded","section":"Shading Mode"},"sceneLighting":false,"audioPlay":false,"sceneViewState":{"m_AlwaysRefresh":false,"showFog":true,"showSkybox":false,"showFlares":true,"showImageEffects":true,"showParticleSystems":true,"showVisualEffectGraphs":true,"m_FxEnabled":true},"in2DMode":false,"pivot":{"x":-0.014508357271552086,"y":-0.08046937733888626,"z":0.4231058359146118},"rotation":{"x":0.15653616189956666,"y":-0.3864625096321106,"z":0.0667373314499855,"w":0.9064770340919495},"size":0.6402083039283752,"orthographic":false}