{"cameraMode":{"drawMode":0,"name":"Shaded","section":"Shading Mode"},"sceneLighting":false,"audioPlay":false,"sceneViewState":{"m_AlwaysRefresh":false,"showFog":true,"showSkybox":false,"showFlares":true,"showImageEffects":true,"showParticleSystems":true,"showVisualEffectGraphs":true,"m_FxEnabled":true},"in2DMode":false,"pivot":{"x":1.2622491121292115,"y":-0.05979916453361511,"z":-0.3632879853248596},"rotation":{"x":-0.039209797978401187,"y":0.6525740027427673,"z":-0.03383229672908783,"w":-0.7560086846351624},"size":3.7176930904388429,"orthographic":false}